r0,z0,dR,dZ,ang1,ang2
389.5,1715.1,6,146,0,0
368.25,1915.8,6,264.4806132,9.340026173,0
347,2052.5,30,15,0,0
