{
  "p1_coil": {
    "x": 2.25,
    "z": 10.05,
    "dx": 0.39366666666666639,
    "dz": 0.59366666666666745,
    "current": 0,
    "polarity": 1
  },
  "p1_coil_r": {
    "x": 2.25,
    "z": -10.05,
    "dx": 0.39366666666666639,
    "dz": 0.59366666666666745,
    "current": 0,
    "polarity": 1
  },
  "p3_coil": {
    "x": 8.3,
    "z": 2.1,
    "dx": 0.39366666666666816,
    "dz": 0.69366666666666643,
    "current": -4.953540518450968E+6,
    "polarity": 1
  },
  "p3_coil_r": {
    "x": 8.3,
    "z": -2.1,
    "dx": 0.39366666666666816,
    "dz": 0.69366666666666643,
    "current": -4.953540518450968E+6,
    "polarity": 1
  },
  "p4_coil": {
    "x": 2.15,
    "z": 8.5,
    "dx": 0.29366666666666674,
    "dz": 0.69366666666666887,
    "current": 4.015248113058242E+6,
    "polarity": 1
  },
  "p4_coil_r": {
    "x": 2.15,
    "z": -8.5,
    "dx": 0.29366666666666674,
    "dz": 0.69366666666666887,
    "current": 4.015248113058242E+6,
    "polarity": 1
  },
  "p5_coil": {
    "x": 3.25,
    "z": 9.5,
    "dx": 0.39366666666666639,
    "dz": 0.49366666666666603,
    "current": 1.739773004896302E+6,
    "polarity": 1
  },
  "p5_coil_r": {
    "x": 3.25,
    "z": -9.5,
    "dx": 0.39366666666666639,
    "dz": 0.49366666666666603,
    "current": 1.739773004896302E+6,
    "polarity": 1
  },
  "p6_coil": {
    "x": 6.85,
    "z": 9.6,
    "dx": 0.39366666666666816,
    "dz": 0.59366666666666745,
    "current": 4.7157461515106969E+6,
    "polarity": 1
  },
  "p6_coil_r": {
    "x": 6.85,
    "z": -9.6,
    "dx": 0.39366666666666816,
    "dz": 0.59366666666666745,
    "current": 4.7157461515106969E+6,
    "polarity": 1
  },
  "p9_coil": {
    "x": 6.85,
    "z": 6.35,
    "dx": 0.29366666666666674,
    "dz": 0.74308695652174,
    "current": -6.3065931566339331E+6,
    "polarity": 1
  },
  "p9_coil_r": {
    "x": 6.85,
    "z": -6.35,
    "dx": 0.29366666666666674,
    "dz": 0.74308695652174,
    "current": -6.3065931566339331E+6,
    "polarity": 1
  },
  "s1_coil": {
    "x": 0.9534999999999999,
    "z": 6.42,
    "dx": 0.032000000000000028,
    "dz": 0.89366666666666816,
    "current": 5.1552740458121272E+6,
    "polarity": 1
  },
  "s1_coil_r": {
    "x": 0.9534999999999999,
    "z": -6.42,
    "dx": 0.032000000000000028,
    "dz": 0.89366666666666816,
    "current": 5.1552740458121272E+6,
    "polarity": 1
  },
  "s2_coil": {
    "x": 0.9534999999999999,
    "z": 5.4,
    "dx": 0.032000000000000028,
    "dz": 0.89366666666666816,
    "current": -2.051151312270879E+6,
    "polarity": 1
  },
  "s2_coil_r": {
    "x": 0.9534999999999999,
    "z": -5.4,
    "dx": 0.032000000000000028,
    "dz": 0.89366666666666816,
    "current": -2.051151312270879E+6,
    "polarity": 1
  },
  "p3r_coil": {
    "x": 8.3,
    "z": 2.1,
    "dx": 0.39366666666666816,
    "dz": 0.69366666666666643,
    "current": -1.9763620767256791,
    "polarity": 1
  },
  "p3r_coil_r": {
    "x": 8.3,
    "z": -2.1,
    "dx": 0.39366666666666816,
    "dz": 0.69366666666666643,
    "current": -1.9763620767256791,
    "polarity": -1
  }
}