{
  "R": [
    1.6684999999999999,
    3.0149999999999997,
    6.085,
    6.41,
    7.1355,
    7.861,
    7.861,
    7.861,
    7.861,
    7.1355,
    6.41,
    6.099,
    4.11,
    3.0700000000000003,
    1.6684999999999999,
    1.7435,
    3.0149999999999997,
    5.945,
    6.16,
    6.8855,
    7.611,
    7.611,
    7.611,
    7.611,
    6.8855,
    6.16,
    5.974,
    4.11,
    3.0700000000000003,
    1.7435,
    0.937,
    1.087
  ],
  "Z": [
    7.946,
    8.5205,
    9.095,
    7.416500000000001,
    5.738,
    5.259,
    2.025,
    -2.015,
    -5.484,
    -5.738,
    -7.4145,
    -9.091,
    -9.091,
    -8.5185,
    -7.946,
    7.696,
    8.2705,
    8.845,
    7.166500000000001,
    5.488,
    5.134,
    2.025,
    -2.015,
    -5.359,
    -5.488,
    -7.1645,
    -8.841,
    -8.841,
    -8.2685,
    -7.696,
    0,
    0
  ],
  "dR": [
    1.4629999999999999,
    1.23,
    0.65000000000000036,
    0.05,
    1.4509999999999996,
    0.05,
    0.05,
    0.05,
    0.05,
    1.4509999999999996,
    0.05,
    0.62199999999999989,
    0.74000000000000021,
    1.34,
    1.4629999999999999,
    1.313,
    1.23,
    0.42999999999999972,
    0.05,
    1.4509999999999996,
    0.05,
    0.05,
    0.05,
    0.05,
    1.4509999999999996,
    0.05,
    0.37199999999999989,
    0.74000000000000021,
    1.34,
    1.313,
    0.05,
    0.05
  ],
  "dZ": [
    0.05,
    0.0684220247301533,
    0.05,
    3.357,
    0.05,
    0.95800000000000018,
    1.2499999999999998,
    1.2299999999999998,
    0.508,
    0.05,
    3.3529999999999989,
    0.05,
    0.05,
    0.065767240882281114,
    0.05,
    0.05,
    0.0684220247301533,
    0.05,
    3.357,
    0.05,
    0.70800000000000018,
    1.2499999999999998,
    1.2299999999999998,
    0.258,
    0.05,
    3.3529999999999989,
    0.05,
    0.05,
    0.065767240882281114,
    0.05,
    15.892,
    15.392
  ],
  "resistivity": [
    8.1E-7,
    8.1E-7,
    8.1E-7,
    8.1E-7,
    8.1E-7,
    8.1E-7,
    8.1E-7,
    8.1E-7,
    8.1E-7,
    8.1E-7,
    8.1E-7,
    8.1E-7,
    8.1E-7,
    8.1E-7,
    8.1E-7,
    8.1E-7,
    8.1E-7,
    8.1E-7,
    8.1E-7,
    8.1E-7,
    8.1E-7,
    8.1E-7,
    8.1E-7,
    8.1E-7,
    8.1E-7,
    8.1E-7,
    8.1E-7,
    8.1E-7,
    8.1E-7,
    8.1E-7,
    8.1E-7,
    8.1E-7
  ]
}