{"Solenoid": 40000, "px": 1877.767374356187, "d1": 6711.859935406032, "d2": 11708.69752116739, "d3": 10882.156709063713, "dp": -3926.2805494308964, "d5": 2023.3381564424772, "d6": -4892.789965425161, "d7": -1480.814942317233, "p4": 468.8851792552482, "p5": -4059.571785015456, "p6": 0.1}